Empresa,Cidade,Serviço,Instagram,Site
BR3DPRINT,João Pessoa,Impressão 3D,@br3dprint,
3Dados,João Pessoa,Impressão 3D,@3dadosjp,
3D Eco House,Paraíba,Impressão 3D Concreto,-,
3D Tudo Tech,Campina Grande,Impressão 3D,@3dtudotech,
Laser Maravilha,João Pessoa,Corte Laser,,lasermaravilha.com.br
Mega Arts,João Pessoa,Corte Laser,@mega_arts_,
Acrílaser PB,João Pessoa,Corte Laser,@acrilaserpb,
CW Arts,Campina Grande,Corte Laser,@artscw,
Paradaise,Campina Grande,Corte Laser,@paradaisemdf,
Lapidary,Campina Grande,Corte Laser,,lapidary.ueniweb.com
JA Metalúrgica,João Pessoa,CNC/Usinagem,@jametalurgica2,
JG Usinagem,João Pessoa,CNC/Usinagem,,jgusinagem.com.br
NB Máquinas,Campina Grande,CNC/Usinagem,,nb-maquinas-motores.ueniweb.com
TOO Coworking,João Pessoa,Salas/Coworking,,toocoworking.com.br
Sua Esfera,João Pessoa,Coworking,,suaesfera.com
PRÁTICO,João Pessoa,Escritório Virtual,-,
Sul Office,João Pessoa,Coworking,,sulofficecw.com
Êxito Coworking,João Pessoa,Coworking,,exitocoworking.com
BL Escritório Virtual,João Pessoa,Salas por Hora,-,
